size,number fraction
$\mu m$,-
0.5002188672374284,0.0058265830206201095
1.500656601712285,0.005788000334845632
2.501094336187142,0.005749417649071153
3.5015320706619986,0.005710834963296675
4.501969805136856,0.005672293874005258
5.502407539611712,0.00563433126802543
6.502845274086569,0.005596905548874129
7.503283008561425,0.005559479829722829
8.503720743036283,0.005522054110571528
9.50415847751114,0.005484672946257676
10.504596211985994,0.005447861103237856
11.505033946460852,0.0054115740266746145
12.50547168093571,0.005375286950111373
13.505909415410567,0.005338999873548132
14.506347149885421,0.0053027224033120905
15.506784884360279,0.005267010202323165
16.507222618835137,0.005231853664254156
17.507660353309994,0.005196697126185147
18.50809808778485,0.005161540588116137
19.508535822259706,0.005126384050047128
20.508973556734563,0.005091723858158465
21.509411291209418,0.0050576239319715085
22.509849025684275,0.005023587925305914
23.510286760159133,0.004989551918640322
24.51072449463399,0.004955515911974727
25.511162229108848,0.004921858598923837
26.511599963583706,0.004888756065526611
27.51203769805856,0.004855829618168346
28.512475432533417,0.004822903170810082
29.51291316700827,0.004789976723451818
30.51335090148313,0.0047572725047796225
31.513788635957987,0.004725117770226357
32.514226370432844,0.004693290291105955
33.5146641049077,0.0046614628119855525
34.51510183938256,0.004629635332865151
35.51553957385742,0.004597834241154319
36.51597730833227,0.004566576980717815
37.516415042807125,0.0045358371641460666
38.51685277728198,0.004505097347574318
39.51729051175684,0.00447435753100257
40.5177282462317,0.004443617714430821
41.518165980706556,0.00441320724769292
42.51860371518141,0.004383335188731369
43.51904144965627,0.004353672187712327
44.51947918413112,0.004324009186693284
45.51991691860598,0.004294346185674241
46.52035465308084,0.004264731433045406
47.520792387555694,0.004235649699953472
48.52123012203055,0.004207052738008233
49.52166785650541,0.0041784557760629944
50.52210559098027,0.004149858814117756
51.522543325455125,0.004121261852172517
52.522981059929975,0.004092918964243742
53.52341879440483,0.004065104197340538
54.52385652887969,0.004037563477446445
55.52429426335455,0.004010022757552352
56.524731997829406,0.003982482037658258
57.52516973230426,0.003954941317764165
58.52560746677912,0.003927808983283073
59.52604520125398,0.003901200808479177
60.52648293572883,0.0038747084079394783
61.52692067020369,0.00384821600739978
62.527358404678544,0.0038217236068600812
63.5277961391534,0.0037952312063203823
64.52823387362827,0.00376925108143066
65.52867160810311,0.0037437938130739333
66.52910934257798,0.0037183471256002276
67.52954707705283,0.003692900438126521
68.5299848115277,0.0036674537506528157
69.53042254600254,0.0036420478370165024
70.53086028047741,0.003617168718173552
71.53129801495226,0.0035927756202865733
72.53173574942711,0.0035683825223995947
73.53217348390197,0.0035439894245126156
74.53261121837681,0.0035195963266256365
75.53304895285169,0.003495238584365699
76.53348668732653,0.0034714223521462133
77.5339244218014,0.0034481122743401393
78.53436215627625,0.0034248021965340657
79.53479989075112,0.0034014921187279913
80.53523762522596,0.0033781820409219173
81.53567535970083,0.0033548719631158433
82.53611309417568,0.003332100802319709
83.53655082865055,0.0033099061535347557
84.53698856312539,0.003287749099751045
85.53742629760026,0.003265592045967334
86.5378640320751,0.0032434349921836234
87.53830176654996,0.0032212779383999127
88.53873950102482,0.0031995568422965148
89.53917723549966,0.0031784827927462296
90.53961496997454,0.0031576198320687463
91.54005270444938,0.003136756871391262
92.54049043892425,0.003115893910713778
93.5409281733991,0.0030950309500362943
94.54136590787397,0.003074372046408947
95.54180364234881,0.003054487675509137
96.54224137682368,0.003035173780286727
97.54267911129853,0.0030158598850643166
98.5431168457734,0.002996545989841906
99.54355458024824,0.002977232094619495
100.54399231472311,0.002957918199397085
101.54443004919796,0.0029392647181914217
102.54486778367283,0.002921593471695763
103.54530551814767,0.0029042440458933623
104.54574325262253,0.0028868946200909617
105.54618098709739,0.002869545194288562
106.54661872157223,0.002852195768486162
107.5470564560471,0.0028348463426837614
108.54749419052195,0.0028185768035021885
109.54793192499682,0.00280358557406317
110.54836965947166,0.0027887927677458786
111.54880739394653,0.002773999961428587
112.54924512842138,0.0027592071551112963
113.54968286289625,0.002744414348794005
114.55012059737109,0.002729621542476714
115.55055833184596,0.002715928665129128
116.5509960663208,0.0027038528901923275
117.55143380079568,0.002692294288696607
118.55187153527052,0.002680735687200888
119.55230926974538,0.002669177085705168
120.55274700422024,0.0026576184842094473
121.55318473869508,0.002646059882713728
122.55362247316995,0.0026345012812180077
123.5540602076448,0.0026247776390604704
124.55449794211967,0.002616894519937896
125.55493567659451,0.0026090169645121004
126.55537341106938,0.0026011394090863058
127.55581114554423,0.0025932618536605107
128.5562488800191,0.0025853842982347156
129.55668661449394,0.0025775067428089205
130.55712434896878,0.002569629187383125
131.55756208344366,0.002562533813532667
132.55799981791853,0.002557101396772711
133.55843755239337,0.0025525497555279196
134.55887528686821,0.0025479981142831278
135.5593130213431,0.002543446473038336
136.55975075581796,0.0025388948317935436
137.5601884902928,0.0025343431905487514
138.56062622476765,0.00252979154930396
139.56106395924252,0.002525239908059168
140.5615016937174,0.0025206882668143767
141.56193942819223,0.002516581783168555
142.56237716266708,0.0025133172472375878
143.56281489714195,0.0025104495014225034
144.56325263161682,0.002507581755607419
145.56369036609163,0.002504714009792335
146.5641281005665,0.002501846263977251
147.56456583504138,0.002498978518162166
148.56500356951622,0.0024961107723470823
149.56544130399107,0.002493243026531998
150.56587903846594,0.002490375280716914
151.5663167729408,0.0024875075349018298
152.56675450741565,0.002484639789086746
153.5671922418905,0.002481686571416455
154.56762997636537,0.002478286755781056
155.56806771084024,0.0024745258140357563
156.56850544531508,0.0024707648722904563
157.56894317978993,0.0024670039305451567
158.5693809142648,0.002463242988799857
159.56981864873967,0.0024594820470545575
160.57025638321448,0.002455721105309258
161.57069411768936,0.0024519601635639584
162.57113185216423,0.002448199221818659
163.57156958663907,0.0024444382800733583
164.57200732111392,0.0024406773383280587
165.5724450555888,0.0024369163965827587
166.57288279006366,0.002433155454837459
167.5733205245385,0.0024293945130921596
168.57375825901335,0.00242563357134686
169.57419599348822,0.00242187262960156
170.5746337279631,0.002416854444499236
171.57507146243793,0.0024103712316976525
172.57550919691278,0.0024036802345538343
173.57594693138765,0.0023969892374100157
174.57638466586252,0.002390298240266198
175.57682240033733,0.0023836072431223793
176.5772601348122,0.0023769162459785615
177.57769786928708,0.0023702252488347433
178.57813560376192,0.002363534251690925
179.57857333823677,0.002356843254547107
180.57901107271164,0.0023501522574032887
181.5794488071865,0.0023434612602594705
182.57988654166135,0.0023367702631156523
183.5803242761362,0.0023300792659718336
184.58076201061107,0.002323388268828016
185.58119974508594,0.0023166972716841976
186.58163747956078,0.002310006274540379
187.58207521403563,0.0023033152773965612
188.5825129485105,0.0022966242802527426
189.58295068298537,0.0022899332831089244
190.5833884174602,0.0022832422859651066
191.58382615193506,0.0022765512888212884
192.58426388640993,0.0022695872097311253
193.58470162088477,0.0022611626987458205
194.58513935535962,0.002251550837811718
195.5855770898345,0.002241938976877616
196.58601482430936,0.0022323271159435127
197.5864525587842,0.0022227152550094104
198.58689029325905,0.002213103394075308
199.58732802773392,0.0022034915331412054
200.5877657622088,0.0021938796722071026
201.58820349668363,0.0021842678112730003
202.58864123115848,0.002174655950338898
203.58907896563335,0.0021650440894047953
204.58951670010822,0.002155432228470693
205.58995443458306,0.0021458203675365907
206.5903921690579,0.002136208506602488
207.59082990353278,0.0021265966456683856
208.59126763800765,0.0021169847847342833
209.59170537248247,0.002107372923800181
210.59214310695734,0.0020977610628660783
211.5925808414322,0.002088149201931976
212.59301857590705,0.0020785373409978737
213.5934563103819,0.002068925480063771
214.59389404485677,0.0020593136191296687
215.59433177933164,0.002049701758195566
216.59476951380648,0.0020400898972614636
217.59520724828133,0.0020304780363273613
218.5956449827562,0.0020208661753932586
219.59608271723107,0.0020112543144591563
220.5965204517059,0.0020016424535250535
221.59695818618076,0.0019920305925909512
222.59739592065563,0.001982418731656849
223.5978336551305,0.001972806870722746
224.59827138960532,0.0019629927773514777
225.5987091240802,0.0019527354593770108
226.59914685855506,0.0019422371492365128
227.5995845930299,0.0019317388390960146
228.60002232750475,0.0019212405289555168
229.60046006197962,0.0019107422188150188
230.6008977964545,0.0019002439086745204
231.60133553092933,0.0018897455985340227
232.60177326540418,0.0018792472883935245
233.60221099987905,0.0018687489782530267
234.60264873435392,0.0018582506681125287
235.60308646882876,0.0018477523579720307
236.6035242033036,0.0018372540478315325
237.60396193777848,0.0018267557376910343
238.60439967225335,0.0018162574275505366
239.60483740672817,0.0018057591174100386
240.60527514120304,0.0017952608072695406
241.6057128756779,0.0017847624971290426
242.60615061015275,0.0017742641869885447
243.6065883446276,0.0017637658768480465
244.60702607910247,0.0017532675667075487
245.60746381357734,0.0017427692565670505
246.60790154805218,0.0017322709464265525
247.60833928252703,0.0017217726362860545
248.6087770170019,0.0017112743261455564
249.60921475147677,0.0017007760160050586
250.6096524859516,0.0016902777058645604
251.61009022042646,0.0016797793957240624
252.61052795490133,0.0016692810855835644
253.6109656893762,0.0016587827754430665
254.61140342385104,0.0016482844653025685
255.6118411583259,0.0016377861551620703
256.61227889280076,0.0016272878450215723
257.61271662727563,0.0016167895348810743
258.61315436175045,0.0016062912247405768
259.6135920962253,0.0015957929146000784
260.6140298307002,0.0015852946044595802
261.614467565175,0.0015747962943190826
262.6149052996499,0.0015642979841785846
263.61534303412475,0.0015537996740380862
264.6157807685996,0.0015433013638975885
265.6162185030745,0.0015328030537570905
266.6166562375493,0.0015223047436165925
267.6170939720242,0.0015124143624441826
268.61753170649905,0.001503264487147665
269.61796944097387,0.0014942471887589518
270.61840717544874,0.0014852298903702385
271.6188449099236,0.001476212591981525
272.6192826443985,0.0014671952935928114
273.6197203788733,0.0014581779952040981
274.62015811334817,0.0014491606968153844
275.62059584782304,0.001440143398426671
276.62103358229785,0.0014311261000379577
277.6214713167727,0.0014221088016492447
278.6219090512476,0.001413091503260531
279.62234678572247,0.0014040742048718176
280.62278452019734,0.0013950569064831043
281.62322225467216,0.0013860396080943907
282.62365998914703,0.0013770223097056772
283.6240977236219,0.0013680050113169635
284.6245354580967,0.0013589877129282502
285.6249731925716,0.0013499704145395368
286.62541092704646,0.001340953116150823
287.62584866152133,0.0013319358177621098
288.6262863959962,0.0013229185193733967
289.626724130471,0.0013139012209846832
290.6271618649459,0.0013048839225959696
291.6275995994207,0.0012958666242072563
292.6280373338956,0.001286849325818543
293.62847506837045,0.0012778320274298293
294.6289128028453,0.001268814729041116
295.6293505373202,0.0012597974306524026
296.629788271795,0.0012507801322636895
297.6302260062699,0.0012417628338749758
298.63066374074475,0.0012327455354862618
299.63110147521957,0.0012237282370975487
300.63153920969444,0.0012147109387088354
301.6319769441693,0.001205693640320122
302.6324146786442,0.0011966763419314084
303.63285241311905,0.001187659043542695
304.63329014759387,0.0011786417451539817
305.63372788206874,0.0011696244467652682
306.63416561654356,0.0011606071483765547
307.6346033510184,0.0011515898499878416
308.6350410854933,0.0011425725515991278
309.63547881996817,0.0011335552532104145
310.63591655444304,0.0011245379548217012
311.63635428891786,0.0011155206564329879
312.63679202339273,0.0011065033580442744
313.6372297578676,0.0010974860596555608
314.6376674923424,0.0010884687612668473
315.6381052268173,0.001079451462878134
316.63854296129216,0.0010704341644894204
317.63898069576703,0.001061416866100707
318.6394184302419,0.0010523995677119936
319.6398561647167,0.0010433822693232803
320.6402938991916,0.0010354530466277663
321.6407316336664,0.0010288070482358763
322.6411693681413,0.0010223561984544101
323.64160710261615,0.0010159053486729437
324.642044837091,0.0010094544988914773
325.6424825715659,0.0010030036491100111
326.6429203060407,0.000996552799328545
327.6433580405156,0.0009901019495470785
328.64379577499045,0.000983651099765612
329.64423350946527,0.000977200249984146
330.64467124394014,0.0009707494002026797
331.645108978415,0.0009642985504212133
332.6455467128899,0.0009578477006397469
333.64598444736475,0.0009513968508582807
334.64642218183957,0.0009449460010768144
335.64685991631444,0.000938495151295348
336.64729765078926,0.0009320443015138818
337.6477353852641,0.0009255934517324156
338.648173119739,0.0009191426019509492
339.64861085421387,0.0009126917521694828
340.64904858868874,0.0009062409023880165
341.64948632316356,0.0008997900526065503
342.64992405763843,0.0008933392028250839
343.6503617921133,0.0008868883530436176
344.6507995265881,0.0008804375032621514
345.651237261063,0.0008739866534806851
346.65167499553786,0.0008675358036992187
347.65211273001273,0.0008610849539177524
348.6525504644876,0.0008546341041362861
349.6529881989624,0.00084818325435482
350.6534259334373,0.0008417324045733535
351.6538636679121,0.0008352815547918875
352.654301402387,0.0008288307050104212
353.65473913686185,0.0008223798552289547
354.6551768713367,0.0008159290054474884
355.6556146058116,0.0008094781556660223
356.6560523402864,0.000803027305884556
357.6564900747613,0.0007965764561030896
358.65692780923615,0.0007901256063216231
359.65736554371097,0.000783674756540157
360.65780327818584,0.0007772239067586908
361.6582410126607,0.0007707730569772244
362.6586787471356,0.000764322207195758
363.65911648161045,0.0007578713574142917
364.65955421608527,0.0007514205076328255
365.65999195056014,0.0007449696578513591
366.660429685035,0.0007385188080698928
367.6608674195098,0.0007320679582884265
368.6613051539847,0.0007256171085069603
369.66174288845957,0.0007191662587254939
370.66218062293444,0.0007127154089440277
371.66261835740926,0.0007062645591625615
372.66305609188413,0.0006998137093810951
373.663493826359,0.0006933628595996287
374.6639315608338,0.0006869120098181624
375.6643692953087,0.0006804611600366962
376.66480702978356,0.0006740103102552298
377.66524476425843,0.0006675594604737634
378.6656824987333,0.0006611086106922971
379.6661202332081,0.0006546577609108309
380.666557967683,0.0006489659878242436
381.66699570215786,0.0006444406786964922
382.6674334366327,0.0006403227568326977
383.66787117110755,0.0006362048349689031
384.6683089055824,0.0006320869131051083
385.6687466400573,0.0006279689912413138
386.6691843745321,0.0006238510693775192
387.669622109007,0.0006197331475137247
388.67005984348185,0.0006156152256499299
389.67049757795667,0.0006114973037861353
390.67093531243154,0.0006073793819223408
391.6713730469064,0.000603261460058546
392.6718107813813,0.0005991435381947514
393.67224851585615,0.0005950256163309569
394.67268625033097,0.0005909076944671623
395.67312398480584,0.0005867897726033676
396.6735617192807,0.000582671850739573
397.6739994537555,0.0005785539288757784
398.6744371882304,0.0005744360070119838
399.67487492270527,0.0005703180851481891
400.67531265718014,0.0005662001632843946
401.67575039165496,0.0005620822414206
402.67618812612983,0.0005579643195568053
403.6766258606047,0.0005538463976930107
404.6770635950795,0.0005497284758292161
405.6775013295544,0.0005456105539654215
406.67793906402926,0.0005414926321016268
407.67837679850413,0.0005373747102378322
408.678814532979,0.0005332567883740375
409.6792522674538,0.000529138866510243
410.6796900019287,0.0005250209446464483
411.68012773640356,0.0005209030227826536
412.6805654708784,0.000516785100918859
413.68100320535325,0.0005126671790550645
414.6814409398281,0.0005085492571912698
415.681878674303,0.0005044313353274752
416.68231640877787,0.0005003134134636806
417.6827541432527,0.000496195491599886
418.68319187772755,0.0004920775697360913
419.68362961220237,0.0004879596478722967
420.68406734667724,0.00048384172600850217
421.6845050811521,0.0004797238041447075
422.684942815627,0.0004756058822809128
423.68538055010185,0.00047148796041711826
424.68581828457667,0.00046737003855332367
425.68625601905154,0.00046325211668952896
426.6866937535264,0.0004591341948257343
427.6871314880012,0.0004550162729619397
428.6875692224761,0.00045089835109814516
429.68800695695097,0.00044678042923435046
430.68844469142584,0.00044266250737055586
431.6888824259007,0.00043854458550676126
432.68932016037553,0.0004344266636429667
433.6897578948504,0.000430308741779172
434.6901956293252,0.0004261908199153774
435.6906333638001,0.00042207289805158287
436.69107109827496,0.0004179549761877882
437.69150883274983,0.0004138370543239935
438.6919465672247,0.0004097191324601989
439.6923843016995,0.00040560121059640436
440.6928220361744,0.00040148328873260966
441.69325977064926,0.000397365366868815
442.6936975051241,0.00039324744500502046
443.69413523959895,0.00038936394566272867
444.6945729740738,0.00038629196679796724
445.6950107085487,0.00038379708588923324
446.69544844302357,0.00038130220498049946
447.6958861774984,0.00037880732407176556
448.69632391197325,0.0003763124431630316
449.69676164644807,0.00037381756225429773
450.69719938092294,0.00037132268134556395
451.6976371153978,0.00036882780043682995
452.6980748498727,0.0003663329195280961
453.69851258434755,0.0003638380386193622
454.69895031882237,0.0003613431577106284
455.69938805329724,0.0003588482768018944
456.6998257877721,0.00035635339589316044
457.7002635222469,0.00035385851498442666
458.7007012567218,0.00035136363407569277
459.7011389911967,0.0003488687531669588
460.70157672567154,0.00034637387225822493
461.7020144601464,0.0003438789913494911
462.70245219462123,0.0003413841104407572
463.7028899290961,0.0003388892295320232
464.7033276635709,0.00033639434862328937
465.7037653980458,0.0003338994677145555
466.70420313252066,0.00033140458680582164
467.70464086699553,0.00032890970589708764
468.7050786014704,0.00032641482498835386
469.7055163359452,0.00032391994407961997
470.7059540704201,0.0003214250631708861
471.70639180489496,0.0003189301822621521
472.7068295393698,0.0003164353013534182
473.70726727384465,0.00031394042044468435
474.7077050083195,0.00031144553953595046
475.7081427427944,0.00030895065862721646
476.70858047726927,0.0003064557777184826
477.7090182117441,0.00030396089680974873
478.70945594621895,0.0003014660159010149
479.70989368069377,0.000298971134992281
480.71033141516864,0.00029647625408354717
481.7107691496435,0.00029398137317481317
482.7112068841184,0.0002914864922660793
483.71164461859325,0.0002889916113573454
484.71208235306807,0.0002864967304486116
485.71252008754294,0.0002840018495398776
486.7129578220178,0.0002815069686311437
487.7133955564926,0.0002790120877224098
488.7138332909675,0.000276517206813676
489.7142710254424,0.00027402232590494204
490.71470875991724,0.0002715274449962081
491.7151464943921,0.00026903256408747426
492.71558422886693,0.0002665376831787404
493.7160219633418,0.0002640428022700065
494.7164596978167,0.00026154792136127254
495.7168974322915,0.0002590530404525387
496.71733516676636,0.0002565581595438048
497.71777290124123,0.00025406327863507086
498.7182106357161,0.00025156839772633703
499.7186483701909,0.0002490735168176032
500.7190861046658,0.00024657863590886925
501.71952383914066,0.00024408375500013536
502.7199615736155,0.0002415888740914015
503.72039930809035,0.00023909399318266757
504.7208370425652,0.00023659911227393366
505.7212747770401,0.00023410423136519974
506.72171251151497,0.00023167205763839968
507.7221502459898,0.00022973815234596234
508.72258798046465,0.000228239808305954
509.7230257149395,0.0002267414642659457
510.72346344941434,0.00022524312022593747
511.7239011838892,0.00022374477618592917
512.7243389183641,0.00022224643214592085
513.724776652839,0.0002207480881059125
514.7252143873138,0.00021924974406590421
515.7256521217887,0.00021775140002589598
516.7260898562635,0.00021625305598588774
517.7265275907383,0.00021475471194587944
518.7269653252132,0.00021325636790587113
519.7274030596881,0.00021175802386586278
520.727840794163,0.00021025967982585449
521.7282785286378,0.00020876133578584617
522.7287162631127,0.00020726299174583785
523.7291539975874,0.0002057646477058296
524.7295917320623,0.00020426630366582137
525.7300294665372,0.00020276795962581308
526.7304672010121,0.00020126961558580478
527.7309049354869,0.0001997712715457964
528.7313426699618,0.00019827292750578812
529.7317804044367,0.00019677458346577982
530.7322181389115,0.00019527623942577159
531.7326558733863,0.00019377789538576335
532.7330936078612,0.00019227955134575503
533.733531342336,0.0001907812073057467
534.7339690768109,0.0001892828632657384
535.7344068112858,0.0001877845192257301
536.7348445457607,0.00018628617518572175
537.7352822802355,0.00018478783114571346
538.7357200147103,0.00018328948710570522
539.7361577491852,0.00018179114306569698
540.73659548366,0.0001802927990256887
541.7370332181349,0.0001787944549856804
542.7374709526098,0.00017729611094567202
543.7379086870847,0.00017579776690566373
544.7383464215595,0.00017429942286565538
545.7387841560344,0.00017280107882564717
546.7392218905092,0.00017130273478563896
547.739659624984,0.0001698043907456306
548.7400973594589,0.00016830604670562232
549.7405350939338,0.000166807702665614
550.7409728284086,0.00016530935862560565
551.7414105628835,0.00016381101458559736
552.7418482973584,0.00016231267054558907
553.7422860318331,0.00016081432650558083
554.742723766308,0.0001593159824655726
555.7431615007829,0.00015781763842556424
556.7435992352578,0.00015631929438555592
557.7440369697326,0.00015482095034554763
558.7444747042075,0.0001533226063055393
559.7449124386824,0.000151824262265531
560.7453501731572,0.00015032591822552275
561.745787907632,0.0001488275741855145
562.7462256421069,0.00014732923014550622
563.7466633765818,0.00014583088610549793
564.7471011110566,0.00014433254206548955
565.7475388455315,0.00014283419802548126
566.7479765800064,0.00014133585398547297
567.7484143144812,0.00013992259520382246
568.748852048956,0.0001388005254367946
569.7492897834309,0.00013788455942603144
570.7497275179057,0.00013696859341526827
571.7501652523806,0.00013605262740450506
572.7506029868555,0.00013513666139374186
573.7510407213304,0.00013422069538297868
574.7514784558052,0.00013330472937221548
575.7519161902801,0.0001323887633614523
576.752353924755,0.00013147279735068915
577.7527916592297,0.00013055683133992603
578.7532293937046,0.00012964086532916283
579.7536671281795,0.00012872489931839963
580.7541048626543,0.00012780893330763645
581.7545425971292,0.00012689296729687325
582.7549803316041,0.00012597700128611004
583.7554180660788,0.00012506103527534692
584.7558558005537,0.00012414506926458377
585.7562935350286,0.0001232291032538206
586.7567312695035,0.0001223131372430574
587.7571690039783,0.0001213971712322942
588.7576067384532,0.00012048120522153101
589.7580444729281,0.00011956523921076784
590.758482207403,0.00011864927320000463
591.7589199418778,0.00011773330718924148
592.7593576763526,0.00011681734117847835
593.7597954108275,0.00011590137516771517
594.7602331453023,0.00011498540915695197
595.7606708797772,0.00011406944314618878
596.7611086142521,0.00011315347713542559
597.7615463487269,0.0001122375111246624
598.7619840832017,0.00011132154511389925
599.7624218176766,0.00011040557910313612
600.7628595521514,0.00010948961309237293
601.7632972866263,0.00010857364708160974
602.7637350211012,0.00010765768107084653
603.764172755576,0.00010674171506008334
604.7646104900509,0.00010582574904932015
605.7650482245258,0.00010490978303855698
606.7654859590007,0.00010399381702779384
607.7659236934754,0.00010307785101703068
608.7663614279503,0.0001021618850062675
609.7667991624252,0.0001012459189955043
610.7672368969,0.00010032995298474111
611.7676746313749,9.941398697397792e-05
612.7681123658498,9.849802096321473e-05
613.7685501003245,9.758205495245158e-05
614.7689878347994,9.666608894168845e-05
615.7694255692743,9.575012293092526e-05
616.7698633037492,9.483415692016207e-05
617.770301038224,9.391819090939888e-05
618.7707387726989,9.300222489863569e-05
619.7711765071738,9.208625888787248e-05
620.7716142416486,9.117029287710929e-05
621.7720519761235,9.025432686634614e-05
622.7724897105983,8.933836085558302e-05
623.7729274450732,8.842239484481985e-05
624.773365179548,8.750642883405664e-05
625.7738029140229,8.674368075698994e-05
626.7742406484978,8.614967151055549e-05
627.7746783829726,8.557118316105678e-05
628.7751161174474,8.499269481155808e-05
629.7755538519223,8.441420646205941e-05
630.7759915863971,8.383571811256071e-05
631.776429320872,8.325722976306199e-05
632.7768670553469,8.267874141356328e-05
633.7773047898218,8.210025306406458e-05
634.7777425242966,8.152176471456586e-05
635.7781802587715,8.094327636506716e-05
636.7786179932464,8.036478801556848e-05
637.7790557277211,7.978629966606979e-05
638.779493462196,7.92078113165711e-05
639.7799311966709,7.862932296707239e-05
640.7803689311457,7.805083461757367e-05
641.7808066656206,7.747234626807497e-05
642.7812444000955,7.689385791857625e-05
643.7816821345702,7.631536956907757e-05
644.7821198690451,7.57368812195789e-05
645.78255760352,7.51583928700802e-05
646.7829953379949,7.457990452058149e-05
647.7834330724697,7.400141617108278e-05
648.7838708069446,7.342292782158408e-05
649.7843085414195,7.284443947208536e-05
650.7847462758943,7.226595112258666e-05
651.7851840103692,7.168746277308798e-05
652.785621744844,7.110897442358929e-05
653.7860594793189,7.053048607409058e-05
654.7864972137937,6.995199772459188e-05
655.7869349482686,6.937350937509316e-05
656.7873726827435,6.879502102559445e-05
657.7878104172183,6.821653267609574e-05
658.7882481516931,6.763804432659706e-05
659.788685886168,6.70595559770984e-05
660.7891236206428,6.648106762759969e-05
661.7895613551177,6.590257927810097e-05
662.7899990895926,6.532409092860227e-05
663.7904368240675,6.474560257910355e-05
664.7908745585423,6.416711422960484e-05
665.7913122930172,6.358862588010613e-05
666.7917500274921,6.301013753060745e-05
667.7921877619668,6.243164918110877e-05
668.7926254964417,6.185316083161007e-05
669.7930632309166,6.127467248211135e-05
670.7935009653914,6.069618413261264e-05
671.7939386998663,6.011769578311393e-05
672.7943764343412,5.953920743361522e-05
673.794814168816,5.896071908411654e-05
674.7952519032908,5.838223073461788e-05
675.7956896377657,5.780374238511917e-05
676.7961273722406,5.722525403562045e-05
677.7965651067154,5.664676568612174e-05
678.7970028411903,5.611370484026501e-05
679.7974405756652,5.567981940264134e-05
680.79787831014,5.529968186960875e-05
681.7983160446149,5.4919544336576174e-05
682.7987537790897,5.4539406803543604e-05
683.7991915135646,5.415926927051101e-05
684.7996292480394,5.377913173747842e-05
685.8000669825143,5.339899420444583e-05
686.8005047169892,5.301885667141324e-05
687.800942451464,5.263871913838065e-05
688.8013801859388,5.225858160534808e-05
689.8018179204137,5.187844407231551e-05
690.8022556548885,5.149830653928291e-05
691.8026933893634,5.111816900625032e-05
692.8031311238383,5.073803147321773e-05
693.8035688583132,5.035789394018514e-05
694.804006592788,4.997775640715255e-05
695.8044443272629,4.959761887411996e-05
696.8048820617378,4.9217481341087383e-05
697.8053197962125,4.883734380805482e-05
698.8057575306874,4.845720627502223e-05
699.8061952651623,4.807706874198964e-05
700.8066329996371,4.769693120895704e-05
701.807070734112,4.7316793675924447e-05
702.8075084685869,4.6936656142891856e-05
703.8079462030616,4.655651860985929e-05
704.8083839375365,4.617638107682672e-05
705.8088216720114,4.579624354379413e-05
706.8092594064863,4.541610601076154e-05
707.8096971409611,4.503596847772895e-05
708.810134875436,4.465583094469635e-05
709.8105726099109,4.427569341166376e-05
710.8110103443857,4.3895555878631176e-05
711.8114480788606,4.35154183455986e-05
712.8118858133354,4.313528081256603e-05
713.8123235478103,4.275514327953344e-05
714.8127612822851,4.237500574650085e-05
715.81319901676,4.199486821346826e-05
716.8136367512349,4.161473068043567e-05
717.8140744857097,4.123459314740307e-05
718.8145122201846,4.085445561437048e-05
719.8149499546594,4.0474318081337906e-05
720.8153876891342,4.009418054830534e-05
721.8158254236091,3.9714043015272747e-05
722.816263158084,3.9333905482240157e-05
723.8167008925589,3.8953767949207566e-05
724.8171386270337,3.857363041617497e-05
725.8175763615086,3.819349288314238e-05
726.8180140959835,3.78133553501098e-05
727.8184518304582,3.743756827630533e-05
728.8188895649331,3.7121698322466184e-05
729.819327299408,3.6861395029364314e-05
730.8197650338828,3.6601091736262444e-05
731.8202027683577,3.634078844316056e-05
732.8206405028326,3.608048515005869e-05
733.8210782373075,3.582018185695682e-05
734.8215159717822,3.555987856385496e-05
735.8219537062571,3.529957527075311e-05
736.822391440732,3.503927197765123e-05
737.8228291752068,3.4778968684549354e-05
738.8232669096817,3.4518665391447484e-05
739.8237046441566,3.425836209834561e-05
740.8241423786314,3.399805880524374e-05
741.8245801131063,3.3737755512141874e-05
742.8250178475811,3.347745221904002e-05
743.825455582056,3.321714892593814e-05
744.8258933165308,3.295684563283627e-05
745.8263310510057,3.2696542339734394e-05
746.8267687854806,3.243623904663252e-05
747.8272065199554,3.217593575353065e-05
748.8276442544303,3.191563246042877e-05
749.8280819889051,3.1655329167326914e-05
750.8285197233799,3.139502587422506e-05
751.8289574578548,3.113472258112318e-05
752.8293951923297,3.0874419288021305e-05
753.8298329268046,3.0614115994919435e-05
754.8302706612794,3.035381270181756e-05
755.8307083957543,3.0093509408715688e-05
756.8311461302292,2.9833206115613825e-05
757.8315838647039,2.9572902822511965e-05
758.8320215991788,2.9312599529410095e-05
759.8324593336537,2.9052296236308225e-05
760.8328970681285,2.879199294320635e-05
761.8333348026034,2.8531689650104475e-05
762.8337725370783,2.82713863570026e-05
763.8342102715532,2.801108306390073e-05
764.8346480060279,2.7750779770798865e-05
765.8350857405028,2.749047647769701e-05
766.8355234749777,2.7230173184595135e-05
767.8359612094525,2.6969869891493262e-05
768.8363989439274,2.670956659839139e-05
769.8368366784023,2.6449263305289512e-05
770.8372744128772,2.6188960012187642e-05
771.837712147352,2.5928656719085782e-05
772.8381498818268,2.5668353425983922e-05
773.8385876163017,2.543414692982454e-05
774.8390253507765,2.5237459352749234e-05
775.8394630852514,2.5052193897815515e-05
776.8399008197263,2.4866928442881796e-05
777.8403385542011,2.468166298794808e-05
778.840776288676,2.4496397533014364e-05
779.8412140231508,2.431113207808065e-05
780.8416517576256,2.4125866623146946e-05
781.8420894921005,2.3940601168213227e-05
782.8425272265754,2.3755335713279508e-05
783.8429649610503,2.3570070258345785e-05
784.8434026955251,2.3384804803412066e-05
785.84384043,2.3199539348478347e-05
786.8442781644749,2.301427389354464e-05
787.8447158989496,2.2829008438610932e-05
788.8451536334245,2.2643742983677217e-05
789.8455913678994,2.2458477528743498e-05
790.8460291023742,2.227321207380978e-05
791.8464668368491,2.2087946618876063e-05
792.846904571324,2.1902681163942344e-05
793.8473423057989,2.1717415709008624e-05
794.8477800402736,2.1532150254074915e-05
795.8482177747485,2.134688479914121e-05
796.8486555092234,2.116161934420749e-05
797.8490932436982,2.0976353889273768e-05
798.8495309781731,2.079108843434005e-05
799.849968712648,2.060582297940633e-05
800.8504064471229,2.0420557524472614e-05
801.8508441815977,2.0235292069538905e-05
802.8512819160725,2.00500266146052e-05
803.8517196505474,1.986476115967148e-05
804.8521573850222,1.967949570473776e-05
805.8525951194971,1.9494230249804042e-05
806.853032853972,1.9308964794870326e-05
807.8534705884468,1.9123699339936607e-05
808.8539083229217,1.8938433885002885e-05
809.8543460573965,1.8753168430069176e-05
810.8547837918713,1.8567902975135474e-05
811.8552215263462,1.8382637520201754e-05
812.8556592608211,1.8197372065268032e-05
813.856096995296,1.8012106610334313e-05
814.8565347297708,1.7831156887325115e-05
815.8569724642457,1.7674667347112687e-05
816.8574101987206,1.7538322257772517e-05
817.8578479331953,1.7401977168432353e-05
818.8582856676702,1.7265632079092183e-05
819.8587234021451,1.712928698975201e-05
820.85916113662,1.6992941900411835e-05
821.8595988710948,1.6856596811071658e-05
822.8600366055697,1.6720251721731488e-05
823.8604743400446,1.6583906632391314e-05
824.8609120745193,1.644756154305115e-05
825.8613498089942,1.6311216453710983e-05
826.8617875434691,1.617487136437081e-05
827.8622252779439,1.6038526275030636e-05
828.8626630124188,1.5902181185690462e-05
829.8631007468937,1.576583609635029e-05
830.8635384813686,1.5629491007010118e-05
831.8639762158434,1.5493145917669944e-05
832.8644139503183,1.5356800828329777e-05
833.864851684793,1.5220455738989612e-05
834.8652894192679,1.5084110649649436e-05
835.8657271537428,1.4947765560309264e-05
836.8661648882177,1.4811420470969092e-05
837.8666026226925,1.4675075381628915e-05
838.8670403571674,1.4538730292288743e-05
839.8674780916422,1.4402385202948578e-05
840.867915826117,1.426604011360841e-05
841.8683535605919,1.4129695024268237e-05
842.8687912950668,1.3993349934928063e-05
843.8692290295417,1.3857004845587891e-05
844.8696667640165,1.3720659756247719e-05
845.8701044984914,1.3584314666907545e-05
846.8705422329663,1.344796957756737e-05
847.8709799674411,1.3311624488227206e-05
848.8714177019159,1.3175279398887039e-05
849.8718554363908,1.3038934309546865e-05
850.8722931708656,1.2902589220206691e-05
851.8727309053405,1.2766244130866518e-05
852.8731686398154,1.2635202194532054e-05
853.8736063742903,1.2520771209072883e-05
854.874044108765,1.2417648021483296e-05
855.8744818432399,1.231452483389371e-05
856.8749195777148,1.2211401646304119e-05
857.8753573121896,1.2108278458714527e-05
858.8757950466645,1.2005155271124936e-05
859.8762327811394,1.1902032083535346e-05
860.8766705156143,1.1798908895945753e-05
861.8771082500891,1.169578570835616e-05
862.877545984564,1.1592662520766577e-05
863.8779837190388,1.1489539333176992e-05
864.8784214535136,1.13864161455874e-05
865.8788591879885,1.1283292957997808e-05
866.8792969224634,1.1180169770408218e-05
867.8797346569382,1.1077046582818626e-05
868.8801723914131,1.0973923395229034e-05
869.8806101258879,1.0870800207639449e-05
870.8810478603627,1.0767677020049862e-05
871.8814855948376,1.0664553832460272e-05
872.8819233293125,1.056143064487068e-05
873.8823610637874,1.0458307457281088e-05
874.8827987982622,1.0355184269691496e-05
875.8832365327371,1.0252061082101905e-05
876.883674267212,1.0148937894512315e-05
877.8841120016868,1.004581470692273e-05
878.8845497361616,9.942691519333143e-06
879.8849874706365,9.839568331743551e-06
880.8854252051113,9.736445144153961e-06
881.8858629395862,9.633321956564369e-06
882.8863006740611,9.530198768974777e-06
883.886738408536,9.427075581385185e-06
884.8871761430107,9.3239523937956e-06
885.8876138774856,9.220829206206015e-06
886.8880516119605,9.117706018616423e-06
887.8884893464353,9.02522727198642e-06
888.8889270809102,8.94446765547554e-06
889.8893648153851,8.864782728124193e-06
890.88980254986,8.785097800772848e-06
891.8902402843348,8.705412873421502e-06
892.8906780188097,8.62572794607016e-06
893.8911157532845,8.54604301871882e-06
894.8915534877593,8.466358091367475e-06
895.8919912222342,8.38667316401613e-06
896.8924289567091,8.306988236664782e-06
897.8928666911839,8.227303309313437e-06
898.8933044256588,8.147618381962093e-06
899.8937421601336,8.067933454610751e-06
900.8941798946084,7.98824852725941e-06
901.8946176290833,7.908563599908066e-06
902.8950553635582,7.82887867255672e-06
903.8954930980331,7.749193745205375e-06
904.8959308325079,7.669508817854028e-06
905.8963685669828,7.589823890502683e-06
906.8968063014577,7.510138963151337e-06
907.8972440359325,7.430454035799996e-06
908.8976817704073,7.350769108448656e-06
909.8981195048822,7.27108418109731e-06
910.898557239357,7.191399253745964e-06
911.8989949738319,7.111714326394619e-06
912.8994327083068,7.0320293990432734e-06
913.8998704427817,6.952344471691929e-06
914.9003081772564,6.872659544340588e-06
915.9007459117313,6.792974616989247e-06
916.9011836462062,6.7132896896379004e-06
917.901621380681,6.633604762286555e-06
918.9020591151559,6.560085981004898e-06
919.9024968496308,6.495110439646346e-06
920.9029345841057,6.432511992141207e-06
921.9033723185805,6.369913544636069e-06
922.9038100530554,6.307315097130935e-06
923.9042477875302,6.244716649625801e-06
924.904685522005,6.182118202120662e-06
925.9051232564799,6.119519754615523e-06
926.9055609909548,6.056921307110386e-06
927.9059987254296,5.994322859605248e-06
928.9064364599045,5.931724412100109e-06
929.9068741943793,5.869125964594973e-06
930.9073119288541,5.806527517089839e-06
931.907749663329,5.7439290695847006e-06
932.9081873978039,5.681330622079562e-06
933.9086251322788,5.618732174574424e-06
934.9090628667536,5.556133727069286e-06
935.9095006012285,5.493535279564148e-06
936.9099383357034,5.43093683205901e-06
937.9103760701782,5.368338384553875e-06
938.910813804653,5.30573993704874e-06
939.9112515391279,5.243141489543602e-06
940.9116892736027,5.180543042038463e-06
941.9121270080776,5.1179445945333245e-06
942.9125647425525,5.055346147028187e-06
943.9130024770274,4.992747699523048e-06
944.9134402115021,4.930149252017914e-06
945.913877945977,4.867550804512779e-06
946.9143156804519,4.808399088063647e-06
947.9147534149267,4.755640884827554e-06
948.9151911494016,4.705829463748492e-06
949.9156288838765,4.6560180426694305e-06
950.9160666183514,4.606206621590369e-06
951.9165043528262,4.556395200511307e-06
952.9169420873011,4.506583779432248e-06
953.9173798217759,4.456772358353189e-06
954.9178175562507,4.4069609372741265e-06
955.9182552907256,4.357149516195065e-06
956.9186930252005,4.307338095116003e-06
957.9191307596753,4.257526674036941e-06
958.9195684941502,4.207715252957879e-06
959.920006228625,4.15790383187882e-06
960.9204439630998,4.108092410799762e-06
961.9208816975747,4.058280989720699e-06
962.9213194320496,4.008469568641637e-06
963.9217571665245,3.958658147562575e-06
964.9221949009993,3.9088467264835136e-06
965.9226326354742,3.859035305404452e-06
966.9230703699491,3.80922388432539e-06
967.923508104424,3.7594124632463307e-06
968.9239458388987,3.709601042167272e-06
969.9243835733736,3.6597896210882096e-06
970.9248213078484,3.609978200009148e-06
971.9252590423233,3.56087463695309e-06
972.9256967767982,3.5166516928090353e-06
973.9261345112731,3.47660150955398e-06
974.9265722457479,3.436551326298925e-06
975.9270099802227,3.3965011430438717e-06
976.9274477146976,3.3564509597888185e-06
977.9278854491724,3.3164007765337637e-06
978.9283231836473,3.276350593278708e-06
979.9287609181222,3.2363004100236532e-06
980.929198652597,3.1962502267685976e-06
981.9296363870719,3.1562000435135423e-06
982.9300741215468,3.1161498602584896e-06
983.9305118560216,3.0760996770034365e-06
984.9309495904964,3.0360494937483812e-06
985.9313873249713,2.9959993104933264e-06
986.9318250594462,2.9559491272382703e-06
987.932262793921,2.9158989439832155e-06
988.9327005283959,2.8758487607281603e-06
989.9331382628708,2.835798577473105e-06
990.9335759973455,2.7957483942180515e-06
991.9340137318204,2.7556982109629988e-06
992.9344514662953,2.715648027707943e-06
993.9348892007702,2.6755978444528883e-06
994.935326935245,2.636801728219351e-06
995.9357646697199,2.601785886864386e-06
996.9362024041948,2.569296253366477e-06
997.9366401386696,2.5368066198685683e-06
998.9370778731444,2.50431698637066e-06
999.9375156076193,2.4718273528727496e-06
1000.9379533420941,2.4393377193748394e-06
1001.938391076569,2.4068480858769296e-06
1002.9388288110439,2.3743584523790194e-06
1003.9392665455188,2.3418688188811092e-06
1004.9397042799936,2.309379185383199e-06
1005.9401420144684,2.276889551885291e-06
1006.9405797489433,2.244399918387383e-06
1007.9410174834181,2.2119102848894727e-06
1008.941455217893,2.179420651391562e-06
1009.9418929523679,2.146931017893652e-06
1010.9423306868428,2.114441384395742e-06
1011.9427684213176,2.081951750897832e-06
1012.9432061557925,2.0494621173999234e-06
1013.9436438902673,2.0169724839020153e-06
1014.9440816247421,1.984482850404105e-06
1015.944519359217,1.954655424952428e-06
1016.9449570936919,1.927785847209792e-06
1017.9453948281667,1.9012119091299626e-06
1018.9458325626416,1.8746379710501333e-06
1019.9462702971165,1.8480640329703043e-06
1020.9467080315912,1.8214900948904765e-06
1021.9471457660661,1.7949161568106488e-06
1022.947583500541,1.7683422187308197e-06
1023.9480212350159,1.7417682806509907e-06
1024.9484589694907,1.7151943425711616e-06
1025.9488967039656,1.6886204044913324e-06
1026.9493344384405,1.6620464664115031e-06
1027.9497721729153,1.6354725283316743e-06
1028.9502099073902,1.608898590251845e-06
1029.950647641865,1.582324652172016e-06
1030.95108537634,1.5557507140921868e-06
1031.9515231108148,1.5291767760123605e-06
1032.9519608452895,1.5026028379325342e-06
1033.9523985797643,1.4775673608523098e-06
1034.9528363142392,1.4548625494718124e-06
1035.953274048714,1.4329499427914381e-06
1036.953711783189,1.4110373361110634e-06
1037.9541495176638,1.3891247294306887e-06
1038.9545872521387,1.367212122750314e-06
1039.9550249866136,1.3452995160699393e-06
1040.9554627210885,1.3233869093895646e-06
1041.9559004555633,1.3014743027091899e-06
1042.9563381900382,1.2795616960288156e-06
1043.956775924513,1.2576490893484409e-06
1044.957213658988,1.2357364826680662e-06
1045.9576513934628,1.2138238759876917e-06
1046.9580891279375,1.1919112693073193e-06
1047.9585268624123,1.1699986626269471e-06
1048.9589645968872,1.1480860559465724e-06
1049.959402331362,1.126970327142353e-06
1050.959840065837,1.1077009233931102e-06
1051.9602778003118,1.0894809668226885e-06
1052.9607155347867,1.0712610102522668e-06
1053.9611532692616,1.0530410536818453e-06
1054.9615910037364,1.0348210971114236e-06
1055.9620287382113,1.016601140541002e-06
1056.9624664726862,9.983811839705802e-07
1057.962904207161,9.801612274001587e-07
1058.963341941636,9.619412708297372e-07
1059.9637796761108,9.437213142593156e-07
1060.9642174105857,9.25501357688894e-07
1061.9646551450605,9.072814011184745e-07
1062.9650928795352,8.890614445480549e-07
1063.96553061401,8.709060234836007e-07
1064.965968348485,8.542182322953105e-07
1065.9664060829598,8.389335354772171e-07
1066.9668438174347,8.236488386591237e-07
1067.9672815519095,8.083641418410302e-07
1068.9677192863844,7.930794450229371e-07
1069.9681570208593,7.777947482048438e-07
1070.9685947553342,7.625100513867504e-07
1071.969032489809,7.47225354568657e-07
1072.969470224284,7.319406577505637e-07
1073.9699079587588,7.166559609324704e-07
1074.9703456932336,7.013712641143771e-07
1075.9707834277085,6.860865672962837e-07
1076.9712211621832,6.711947922751562e-07
1077.971658896658,6.574715991273822e-07
1078.972096631133,6.445240660559953e-07
1079.9725343656078,6.315765329846087e-07
1080.9729721000826,6.186289999132222e-07
1081.9734098345575,6.056814668418355e-07
1082.9738475690324,5.927339337704487e-07
1083.9742853035073,5.797864006990622e-07
1084.9747230379821,5.668388676276755e-07
1085.975160772457,5.538913345562887e-07
1086.9755985069319,5.409438014849022e-07
1087.9760362414067,5.281422921076644e-07
1088.9764739758816,5.162713322918052e-07
1089.9769117103565,5.051848983431754e-07
1090.9773494448314,4.940984643945456e-07
1091.9777871793062,4.830120304459171e-07
1092.9782249137809,4.719255964972886e-07
1093.9786626482557,4.6083916254865884e-07
1094.9791003827306,4.497527286000291e-07
1095.9795381172055,4.3866629465139925e-07
1096.9799758516804,4.275798607027695e-07
1097.9804135861552,4.167634791050853e-07
1098.98085132063,4.0668932213800853e-07
1099.981289055105,3.9708733745059357e-07
1100.9817267895799,3.8748535276317866e-07
1101.9821645240547,3.778833680757637e-07
1102.9826022585296,3.6828138338834883e-07
1103.9830399930045,3.586793987009338e-07
1104.9834777274793,3.4907741401351895e-07
1105.9839154619542,3.39475429326104e-07
1106.9843531964289,3.3035920718992896e-07
1107.9847909309037,3.2183259320478244e-07
1108.9852286653786,3.1340982481942454e-07
1109.9856663998535,3.0498705643406663e-07
1110.9861041343283,2.9656428804870873e-07
1111.9865418688032,2.881415196633507e-07
1112.986979603278,2.797187512779928e-07
1113.987417337753,2.7148918378196245e-07
1114.9878550722278,2.6372776846515846e-07
1115.9882928067027,2.5624130443825335e-07
1116.9887305411776,2.487548404113482e-07
1117.9891682756524,2.412683763844431e-07
1118.9896060101273,2.3378191235753792e-07
1119.9900437446022,2.2630071088481712e-07
1120.990481479077,2.1918317666250225e-07
1121.990919213552,2.124240471364097e-07
1122.9913569480266,2.056649176103171e-07
1123.9917946825014,1.989057880842238e-07
1124.9922324169763,1.9214665855813048e-07
1125.9926701514512,1.8553358264602741e-07
1126.993107885926,1.792005032324047e-07
1127.993545620401,1.73001366703272e-07
1128.9939833548758,1.6680223017413933e-07
1129.9944210893507,1.6060309364500663e-07
1130.9948588238256,1.5457661177495138e-07
1131.9952965583004,1.4875703059201464e-07
1132.9957342927753,1.4297169543711913e-07
1133.9961720272502,1.3718636028222357e-07
1134.996609761725,1.3152311861134196e-07
1135.9970474962,1.260016853270576e-07
1136.9974852306746,1.2049996694535707e-07
1137.9979229651494,1.150400769231556e-07
1138.9983606996243,1.0966119309117098e-07
1139.9987984340992,1.0432148708990481e-07
1140.999236168574,9.899645041062801e-08
1141.999673903049,9.369170637451379e-08
1143.0001116375238,8.837449506637168e-08
1144.0005493719987,8.30131074443577e-08
1145.0009871064735,7.756518012824353e-08
1146.0014248409484,7.199907646404751e-08
1147.0018625754233,6.617602507732559e-08
1148.0023003098981,5.991992764919383e-08
1149.002738044373,5.300178372422171e-08
1150.003175778848,4.450046357645891e-08
1151.0036135133228,2.7954427453511896e-08
1152.0040512477976,8.118263307094817e-09
1153.0044889822725,0.0
1154.0049267167471,0.0
1155.005364451222,0.0
1156.005802185697,0.0
1157.0062399201718,0.0
1158.0066776546466,0.0
1159.0071153891215,0.0
1160.0075531235964,0.0
1161.0079908580713,0.0
1162.0084285925461,0.0
1163.008866327021,0.0
1164.0093040614959,0.0
1165.0097417959707,0.0
1166.0101795304456,0.0
1167.0106172649205,0.0
1168.0110549993951,0.0
1169.01149273387,0.0
1170.0119304683449,0.0
1171.0123682028197,0.0
1172.0128059372946,0.0
1173.0132436717695,0.0
1174.0136814062444,0.0
1175.0141191407192,0.0
1176.014556875194,0.0
1177.014994609669,0.0
1178.0154323441438,0.0
1179.0158700786187,0.0
1180.0163078130936,0.0
1181.0167455475685,0.0
1182.0171832820433,0.0
1183.0176210165182,0.0
1184.0180587509929,0.0
1185.0184964854677,0.0
1186.0189342199426,0.0
1187.0193719544175,0.0
1188.0198096888923,0.0
1189.0202474233672,0.0
1190.020685157842,0.0
1191.021122892317,0.0
1192.0215606267918,0.0
1193.0219983612667,0.0
1194.0224360957416,0.0
1195.0228738302164,0.0
1196.0233115646913,0.0
1197.0237492991662,0.0
1198.0241870336408,0.0
1199.0246247681157,0.0
1200.0250625025906,0.0
1201.0255002370654,0.0
1202.0259379715403,0.0
1203.0263757060152,0.0
1204.02681344049,0.0
1205.027251174965,0.0
1206.0276889094398,0.0
1207.0281266439147,0.0
1208.0285643783895,0.0
1209.0290021128644,0.0
1210.0294398473393,0.0
1211.0298775818142,0.0
1212.030315316289,0.0
1213.030753050764,0.0
1214.0311907852386,0.0
1215.0316285197134,0.0
1216.0320662541883,0.0
1217.0325039886632,0.0
1218.032941723138,0.0
1219.033379457613,0.0
1220.0338171920878,0.0
1221.0342549265627,0.0
1222.0346926610375,0.0
1223.0351303955124,0.0
1224.0355681299873,0.0
1225.0360058644621,0.0
1226.036443598937,0.0
1227.0368813334119,0.0
1228.0373190678865,0.0
1229.0377568023614,0.0
1230.0381945368363,0.0
1231.0386322713111,0.0
1232.039070005786,0.0
1233.039507740261,0.0
1234.0399454747358,0.0
1235.0403832092106,0.0
1236.0408209436855,0.0
1237.0412586781604,0.0
1238.0416964126352,0.0
1239.0421341471101,0.0
1240.042571881585,0.0
1241.0430096160599,0.0
1242.0434473505347,2.053171048009267e-06
1243.0438850850096,5.961420102806998e-06
1244.0443228194843,9.453449489618319e-06
1245.0447605539591,1.250922562289796e-05
1246.045198288434,1.5128748502645449e-05
1247.0456360229089,1.7312018128860785e-05
1248.0460737573837,1.905903450154397e-05
1249.0465114918586,2.0369797620695005e-05
1250.0469492263335,2.124430748631389e-05
1251.0473869608084,2.1682564098400617e-05
1252.0478246952832,2.1684567456955192e-05
1253.048262429758,2.125031756197762e-05
1254.048700164233,2.0379814413467884e-05
1255.0491378987078,1.9073058011425994e-05
1256.0495756331827,1.7330048355851958e-05
1257.0500133676576,1.5150785446745766e-05
1258.0504511021322,1.2535269284107748e-05
1259.050888836607,9.48349986793763e-06
1260.051326571082,5.995477198235083e-06
1261.0517643055568,2.0712012750003865e-06
