time,temperature,supersaturation,growth rate,nucleation rate,transform time,concentration,"$\mu_{s,0}$","$\mu_{s,1}$","$\mu_{s,2}$","$\mu_{s,3}$","$\mu_{s,4}$","$\mu_{n,0}$","$\mu_{n,1}$","$\mu_{n,2}$","$\mu_{n,3}$","$\mu_{n,4}$",PDF for size=0
min,$^oC$,-,$\mu m/min$,$1/(\mu m^3*min)$,\mu m,g/L,$1/\mu m^3$,$1/\mu m^2$,$1/\mu m$,-,$\mu m$,$1/\mu m^3$,$1/\mu m^2$,$1/\mu m$,-,$\mu m$,$1/\mu m^4$
0.0,32.0,0.0,0.0,0.0,0,492.9904,4.710811560361758e-13,4.7108115603617594e-11,4.720213145762058e-09,4.73922160591736e-07,4.7672612146351655e-05,0.0,0.0,0.0,0.0,0.0,0
1.0,31.9999921875,2.6772532631615564e-07,1.4709431671731174e-05,2.636572395923214e-23,7.354715835865587e-06,492.9903999984909,4.710811560361758e-13,4.710813939758072e-11,4.720217904557618e-09,4.739228758361118e-07,4.7672707896368816e-05,1.3917508114542044e-22,8.58326727936009e-27,7.450870240179812e-38,3.984829060756366e-51,0.0,1.7924366180579376e-18
2.0,31.9999375,2.141798322167296e-06,0.0002289146188190347,1.0679340650048426e-21,0.00012916674108124854,492.9903999844223,4.710811560361758e-13,4.710836120373932e-11,4.720262266128651e-09,4.7392954340272917e-07,4.767360049209264e-05,3.152809844034529e-21,2.2370992663326954e-24,2.3469774925222855e-28,4.1640487293710405e-32,7.229365148127652e-43,4.665206925247021e-18
3.0,31.9997890625,7.228570319081097e-06,0.001140236638904087,9.308790528308463e-21,0.0008137423699428094,492.99039993517044,4.710811560361758e-13,4.7109137674368267e-11,4.720417565190634e-09,4.7395288549162916e-07,4.7676725402389716e-05,1.9707577380192753e-20,5.253166793774957e-23,8.299853823789515e-26,1.6213231992305093e-28,3.415255871440914e-32,8.163911078366505e-18
4.0,31.9995,1.7134354078492013e-05,0.0035624700652776915,4.3264940188302987e-20,0.003165095722033698,492.9903997703594,4.710811560361758e-13,4.711173559246204e-11,4.720937203532431e-09,4.740309949957804e-07,4.768718303532206e-05,1.0096998720148788e-19,8.372665043759704e-22,6.112907087441032e-24,4.93803436730004e-26,1.6127511649948868e-28,1.2144646662436032e-17
5.0,31.9990234375,3.346597072200835e-05,0.008620299080109858,1.4247205088227895e-19,0.009256480294727473,492.99039957678923,4.710811560361758e-13,4.711478658054263e-11,4.7215474914365165e-09,4.741227343979969e-07,4.769946601692556e-05,2.042329310197577e-19,2.4025639639386e-21,3.998500709970236e-23,9.160663442437428e-25,1.3167798079340396e-26,1.6527506709252515e-17
6.0,31.9983125,5.782984922429869e-05,0.017745430093026867,3.7737432047608367e-19,0.022439344881295835,492.99039910192243,4.710811560361758e-13,4.7122266886191074e-11,4.723044213429366e-09,4.743477897440284e-07,4.772960744141555e-05,5.722298022831865e-19,1.7566502900973136e-20,6.231922301663264e-22,1.8330891870802863e-23,2.8826184325883416e-25,2.126600023204703e-17
7.0,31.9973203125,9.18332719149136e-05,0.032674269521602274,8.602705607313778e-19,0.047649194688610404,492.9903982874215,4.710811560361758e-13,4.713509441822087e-11,4.725611137573879e-09,4.7473380916379983e-07,4.7781312294555174e-05,1.2749836787127522e-18,5.0969411603979265e-20,1.954200989811449e-21,5.833587846514016e-23,9.21439775050141e-25,2.6328685333351317e-17
8.0,31.996,0.00013708382613261468,0.05544566767501118,1.7576457304712793e-18,0.09170916328691714,492.9903969004601,4.710811560361758e-13,4.715691395572667e-11,4.729979825470547e-09,4.7539113684934134e-07,4.786940462103728e-05,2.7247410108501318e-18,1.9180968354082537e-19,1.9312514593038463e-20,2.02166967931024e-21,1.4524003281499944e-22,3.170032581758291e-17
9.0,31.9943046875,0.00019518994078299176,0.08839946185440359,3.3042247377408326e-18,0.16363172805162451,492.99039468194945,4.710811560361758e-13,4.7191780507378513e-11,4.736964268137558e-09,4.764425636945825e-07,4.801038241706926e-05,5.383063443954168e-18,5.439637835250893e-19,7.233350331754665e-20,9.022739022461077e-21,8.718260888016234e-22,3.7378335438093325e-17
10.0,31.9921875,0.00026776086292043544,0.13417511653860767,5.820314783325335e-18,0.27491901724813017,492.9903912007916,4.710811560361758e-13,4.724634485236933e-11,4.7479092121810896e-09,4.78092401557558e-07,4.8231891660122046e-05,1.03200915184529e-17,1.7759246045134287e-18,4.763070289334344e-19,1.3352824414956494e-19,3.287421059973234e-20,4.3378496203136086e-17
11.0,31.9896015625,0.0003564075500135976,0.1957112147145338,9.731835951791439e-18,0.4398621828747009,492.9903861414941,4.710811560361758e-13,4.7325464572568673e-11,4.7637978140899e-09,4.804901728308216e-07,4.855418449519493e-05,1.8335258550133957e-17,4.4396454406164885e-18,1.5440064744997372e-18,5.348487695060659e-19,1.732416866259305e-19,4.972548949730033e-17
12.0,31.9865,0.00046274218243207724,0.27624435369840455,1.560007060528277e-17,0.6758399670811701,492.99037889370743,4.710811560361758e-13,4.743831217635308e-11,4.786509439190245e-09,4.839251428394132e-07,4.9016902244729984e-05,3.135222994771596e-17,1.1060480415478736e-17,5.788608835108049e-18,3.3131159412349994e-18,1.842558904199393e-18,5.647199805688867e-17
13.0,31.9828359375,0.0005883790831612426,0.37930917493916205,2.4158925504297117e-17,1.0036167313999536,492.99036881728944,4.710811560361758e-13,4.7594291192714435e-11,4.817993203506648e-09,4.887006963637264e-07,4.966207620968132e-05,5.1614672920561555e-17,2.6048416200030048e-17,1.9946324352361484e-17,1.7692039403328467e-17,1.6450202862759763e-17,6.36919091350005e-17
14.0,31.9785625,0.0007349351297380434,0.5087383766539456,3.63657446139093e-17,1.4476405071965073,492.99035523891393,4.710811560361758e-13,4.7803153156462295e-11,4.860285140188984e-09,4.951359453830963e-07,5.053420785417578e-05,8.163427325189412e-17,5.5144078002755304e-17,5.3327707874213786e-17,5.624637187821603e-17,5.784768646908488e-17,7.148221223862189e-17
15.0,31.9736328125,0.000904028733578811,0.6686615639618821,5.3506000873588885e-17,2.036340477504421,492.99033672482045,4.710811560361758e-13,4.808429726667283e-11,4.917580651381504e-09,5.039103970388812e-07,5.173102025674884e-05,1.278003347397836e-16,1.2362459969438482e-16,1.7724164065617302e-16,2.9205010000291885e-16,4.99370924909049e-16,8.001955511927564e-17
16.0,31.968,0.0010972838627977407,0.8635090237901789,7.723640048495185e-17,2.8024257713804515,492.99031281972924,4.710811560361758e-13,4.8443083194882685e-11,4.991127850515094e-09,5.152398233152517e-07,5.328540824786951e-05,1.9263074489329882e-16,2.493729105930631e-16,4.833449683044235e-16,1.1147976676354566e-15,2.775385502001604e-15,8.94448099059116e-17
17.0,31.9616171875,0.0013163255873323268,1.0980077296023742,1.0985508240908427e-16,3.783184148076728,492.99028159136566,4.710811560361758e-13,4.8903966194758915e-11,5.086403140694786e-09,5.300399932273563e-07,5.5333022299856955e-05,2.857622553351702e-16,4.874514918750161e-16,1.2199038325816625e-15,3.5405531823915057e-15,1.0759951784960385e-14,1.0004946180922288e-16
18.0,31.9544375,0.0015627837488315201,1.3771851800454296,1.5449598729334224e-16,5.02078060290063,492.99024115879126,4.710811560361758e-13,4.9487467532834e-11,5.208383648083095e-09,5.492023418952762e-07,5.801413244376505e-05,4.183446224783973e-16,9.389883594979502e-16,3.1318184928747254e-15,1.242278398984564e-14,5.2646955274620847e-14,1.1218243525409258e-16
19.0,31.9464140625,0.001838293212263105,1.706370462833363,2.1546180899228467e-16,6.562558424340026,492.9901895179782,4.710811560361758e-13,5.0214024032957554e-11,5.362215912202315e-09,5.736766373572846e-07,6.148193918996517e-05,6.03020697271158e-16,1.7344944922429953e-15,7.308024988062346e-15,3.595110628107449e-14,1.8589601137046273e-13,1.2626906857876487e-16
20.0,31.9375,0.002144493237151995,2.0911943142923493,2.9880743513977652e-16,8.461340812902883,492.99012391566583,4.710811560361758e-13,5.110777271117634e-11,5.554519921836358e-09,6.047677130209258e-07,6.595861084068806e-05,8.591949531914224e-16,3.1320504446122883e-15,1.6633476040180964e-14,1.035536017486781e-13,6.872643235223619e-13,1.4288841218511614e-16
21.0,31.9276484375,0.002483028019752519,2.5375905565062644,4.131533140854121e-16,10.775733248302188,492.9900407812357,4.710811560361758e-13,5.219693471596642e-11,5.793497153498302e-09,6.441677269428972e-07,7.17437190566161e-05,1.2140041410277833e-15,5.552770750815016e-15,3.707832634317666e-14,2.934939423358856e-13,2.5282369455958053e-12,1.6281322967021065e-16
22.0,31.9168125,0.0028555472335635877,3.051797761874422,5.708609874268242e-16,13.57042740749253,492.9899356389344,4.710811560361758e-13,5.3513313706445664e-11,6.088968833444419e-09,6.939977203178351e-07,7.922723984486099e-05,1.7038726866453305e-15,9.637152137686082e-15,7.944192085067614e-14,7.746682266203032e-13,8.237028746408958e-12,1.8705727966593695e-16
23.0,31.9049453125,0.0032637060555592624,3.640360385688713,7.898319901569815e-16,16.916506481274098,492.98980274842876,4.710811560361758e-13,5.5089729720837187e-11,6.452486876525622e-09,7.569777818828474e-07,8.894361771532783e-05,2.3810891814315316e-15,1.6478428633440153e-14,1.666027239887673e-13,1.9954265800950567e-12,2.622410562728455e-11,2.169653293838804e-16
24.0,31.892,0.003709165143873407,4.310129856266307,1.0961896959887425e-15,20.89175160225161,492.9896347031098,4.710811560361758e-13,5.696255492623844e-11,6.898056252582016e-09,8.366171315684044e-07,0.00010161832098975051,3.3190362368320414e-15,2.7802570391102103e-14,3.4163271810568985e-13,4.976986620612336e-12,7.971697573911755e-11,2.5432869369238167e-16
25.0,31.8779296875,0.004193590229565785,5.068265061566869,1.5283602740801127e-15,25.580949061168198,492.9894218206828,4.710811560361758e-13,5.917152174665186e-11,7.442715505121146e-09,9.3750216728637e-07,0.00011825631819680396,4.623053679006928e-15,4.6389615940608585e-14,6.869320836998316e-13,1.2086766798919465e-11,2.345700772427125e-10,3.0155492175612763e-16
26.0,31.8626875,0.004718651401930899,5.922232196492752,2.143247437354464e-15,31.076197690198008,492.9891513658474,4.710811560361758e-13,6.17595847051652e-11,8.107212734902634e-09,1.0656632400873237e-06,0.00014026391219687813,6.4458452864045854e-15,7.672974461879167e-14,1.3582412781170052e-12,2.8661071229741016e-11,6.68776558385512e-10,3.618985825351009e-16
27.0,31.8462265625,0.005286022235815565,6.87980409355913,3.025409653350952e-15,37.47721583522395,492.9888066787855,4.710811560361758e-13,6.47730620451495e-11,8.916695103916912e-09,1.2289845341684802e-06,0.0001695986775382053,9.007336986372648e-15,1.2594869236016614e-13,2.640256422971876e-12,6.616409827456113e-11,1.835151991722039e-09,4.397522970433619e-16
28.0,31.828500000000002,0.005897376417053721,7.9490547985430515,4.302110004243492e-15,44.891645281275046,492.98836506154515,4.710811560361758e-13,6.826504557973919e-11,9.902959771140236e-09,1.4381977877474475e-06,0.00020910534365731117,1.2639202327149589e-14,2.0583078963261467e-13,5.07354550653989e-12,1.5018084410328496e-10,4.934067318330489e-09,5.412102587381845e-16
29.0,31.8094609375,0.0065543872477937925,9.138358224307012,6.163722060279533e-15,53.435351792700075,492.9877970644301,4.710811560361758e-13,7.228845424502768e-11,1.1103459985355199e-08,1.7072064960925686e-06,0.0002627610796840268,1.782123848758975e-14,3.3520300165179985e-13,9.638358690128074e-12,3.344180104355351e-10,1.2909537560770628e-08,6.744889956146303e-16
30.0,31.7890625,0.007258721392366259,10.456375690069112,8.897878553263763e-15,63.232718749888136,492.9870629389672,4.710811560361758e-13,7.69021076503298e-11,1.2564666575656283e-08,2.054734005676387e-06,0.00033632889898193294,2.527449964979869e-14,5.449956100489702e-13,1.815250786640391e-11,7.336680946261308e-10,3.3096804339500955e-08,8.509524539859901e-16
31.0,31.7672578125,0.008012033926530666,11.91204374540168,1.2938995918479111e-14,74.41692846762353,492.9861097270786,4.710811560361758e-13,8.216843661796558e-11,1.4342987366951118e-08,2.5056403192500103e-06,0.0004380810772179028,3.607135728090041e-14,8.855475131198162e-13,3.392873903188609e-11,1.5865434330080946e-09,8.307712563610871e-08,1.086211249305885e-15
32.0,31.744,0.008815958543945509,13.514550405191514,1.894614110104039e-14,87.13022554292013,492.9848659830304,4.710811560361758e-13,8.81553646880807e-11,1.650763185102387e-08,3.0932872409317036e-06,0.0005800514525366525,5.182967978989237e-14,1.439942702411282e-12,6.306725851075881e-11,3.391777292115551e-09,2.050180626231314e-07,1.4019068731847986e-15
33.0,31.7192421875,0.009672096225206251,15.273304625540938,2.791923610074905e-14,101.52415305828636,492.9832357593599,4.710811560361756e-13,9.493409328287559e-11,1.914228122914281e-08,3.8621137434918824e-06,0.000779700786021809,7.49850691386793e-14,2.3452673828325787e-12,1.1676477636924413e-10,7.183128043679481e-09,4.986824906049778e-07,1.827976118151983e-15
34.0,31.6929375,0.010581997902153209,17.197888794917773,4.1377435013420087e-14,117.75974976851572,492.98108968839125,4.710811560361754e-13,1.0258023532157927e-10,2.2348195437327543e-08,4.871307978262492e-06,0.0010623922245491541,1.0921051614617656e-13,3.827834850387545e-12,2.155068269665366e-10,1.5084139112061694e-08,1.1964570938073598e-06,2.4059601446921625e-15
35.0,31.6650390625,0.011547139276760487,19.29798764308968,6.163339872152589e-14,136.00768798751943,492.97825228934266,4.71081156036176e-13,1.1117428724452904e-10,2.624776630641649e-08,6.1996958750392054e-06,0.0014650349961198243,1.600637339977501e-13,6.262206967831376e-12,3.9676583088099264e-10,3.1435127902796e-08,2.833780521734252e-06,3.1937733540624317e-15
36.0,31.6355,0.01256888362962325,21.58328082717903,9.221892679053772e-14,156.4483222226538,492.97448351180316,4.710811560361758e-13,1.2080106346201176e-10,3.0988296783292634e-08,7.952159168481627e-06,0.002041459071253259,2.359929724203909e-13,1.0271571536093667e-11,7.293773416358872e-10,6.512232709892012e-08,6.642277741087443e-06,4.272701983027984e-15
37.0,31.6042734375,0.01364842704255749,24.063281185944046,1.3854999739615935e-13,179.27160322921532,492.9694518647173,4.710811560361758e-13,1.315502684181458e-10,3.6746491130991373e-08,1.0267737993394451e-05,0.002869952397630835,3.4985011610100163e-13,1.6891157629444074e-11,1.3393212402816002e-09,1.342103675666723e-07,1.542299770014407e-05,5.757735045588455e-15
38.0,31.5713125,0.014786712008048966,26.74707784162888,2.0899225314442265e-13,204.67678274300178,492.96269240963994,4.710811560361741e-13,1.4351570566431812e-10,4.373315258620534e-08,1.3330147321224136e-05,0.00406421667565472,5.212676832657609e-13,2.784390842650197e-11,2.457190914069808e-09,2.753342517736222e-07,3.550975448424784e-05,7.813648069590213e-15
39.0,31.5365703125,0.015984285963629004,29.642913597086128,3.166175518696977e-13,232.8717784623593,492.9535384006311,4.710811560361715e-13,1.5679545745612404e-10,5.219891092733395e-08,1.738135431969747e-05,0.005789004136867973,7.804181977109187e-13,4.600148215742013e-11,4.504628861476864e-09,5.625201485164692e-07,8.112773113295551e-05,1.068105369712446e-14
40.0,31.5,0.017241062076625964,32.757466914132074,4.821956653450007e-13,264.0719687179684,492.94100618670285,4.710811560361716e-13,1.714910124450687e-10,6.24399362735413e-08,2.273851318171842e-05,0.008282152715905862,1.1740759777286276e-12,7.615997070706813e-11,8.251776102825364e-09,1.1447991671252276e-06,0.00018401744167225768,1.472017560481681e-14
41.0,31.4615546875,0.018555896877547162,36.09457935620786,7.39498404432535e-13,298.4979918531384,492.9235925856008,4.710811560361717e-13,1.8770635871393547e-10,7.480406906798599e-08,2.9815136663490517e-05,0.011885462879912293,1.7757092402364684e-12,1.2635940938592717e-10,1.5104222170919164e-08,2.3210672029151593e-06,0.0004145325102560122,2.048779671691477e-14
42.0,31.4211875,0.019925822462941098,39.65292869763639,1.145065798664384e-12,336.37174588006053,492.8989073378035,4.710811560361707e-13,2.0554632058820454e-10,8.969664972672173e-08,3.91468733600188e-05,0.017087326008352357,2.702875377894271e-12,2.1016087783820896e-10,2.762711547319286e-08,4.688500078477419e-06,0.0009275482185663004,2.887720620577108e-14
43.0,31.3788515625,0.021344619243485338,43.42166919927892,1.7967626317867376e-12,377.9090448285182,492.86299111506526,4.710811560362679e-13,2.2511326199686607e-10,1.0758463362374189e-07,5.142148970281591e-05,0.024580221406443385,4.148296332618866e-12,3.5065376231555913e-10,5.0506719948453916e-08,9.435790246703599e-06,0.002061591449615895,4.137940030680754e-14
44.0,31.3345,0.02280012911911562,47.372145559136456,2.8696887141175397e-12,423.30595220772585,492.8090339038702,4.710811560362502e-13,2.465003304505522e-10,1.2899587625287478e-07,6.75105723117728e-05,0.035335116980217796,6.437108031690792e-12,5.876524332413994e-10,9.232138967920731e-08,1.8918845644918874e-05,0.004550341509591417,6.057755417759573e-14
45.0,31.2880859375,0.024269142511589792,51.4419781571208,4.685872547068334e-12,472.7130140658545,492.7249404550062,4.71081156036257e-13,2.697802790993498e-10,1.5450949664141247e-07,8.849760247725144e-05,0.050692074299139814,1.0135298817287854e-11,9.909490547570353e-10,1.6883187569266136e-07,3.7786530580888877e-05,0.009968802490054548,9.109044237677118e-14
46.0,31.2395625,0.025707738978451803,55.504747888575736,7.845384094871007e-12,526.1863770887028,492.58874028038275,4.71081156036388e-13,2.9498293876390773e-10,1.8472410967288594e-07,0.00011568483482787528,0.07245295894516937,1.6255652729559876e-11,1.6849553703577378e-09,3.090816751509802e-07,7.51491440233596e-05,0.021653120778410143,1.413461801613873e-13
47.0,31.1888828125,0.027033467793014253,59.313852548275754,1.3451024250567877e-11,583.5956773071285,492.3601405397612,4.710811560367504e-13,3.220531677290569e-10,2.2018149919342986e-07,0.0001505414096400154,0.10293274736740488,2.663971637838262e-11,2.8940068632094046e-09,5.665140014025951e-07,0.000148633678510549,0.0465257946610452,2.2677711314772616e-13
48.0,31.136,0.028094761245010688,62.4067070027526,2.3397910532860206e-11,644.4559570826427,491.9660748026678,4.71081156036841e-13,3.5077339623963266e-10,2.6120146188469917e-07,0.00019451047045868482,0.144853568882065,4.4606404782523025e-11,5.020123461806892e-09,1.0379284633835825e-06,0.0002914256305323661,0.09843974064315737,3.749262163733168e-13
49.0,31.0808671875,0.02862789096697543,63.97462641162621,4.037142894079368e-11,707.6466237898321,491.28049168871974,4.710811560366458e-13,3.8063174273613914e-10,3.0755981608900734e-07,0.0002485248386977345,0.200828778490207,7.580204820392579e-11,8.750618012020588e-09,1.8899582501025141e-06,0.0005623321693776354,0.20326031648065004,6.310537662390618e-13
50.0,31.0234375,0.028230361726827597,62.804608865306044,6.626738494743353e-11,771.0362414282982,490.1122636856101,4.710811560365741e-13,4.1063770734458937e-10,3.5796047879515466e-07,0.00031205039194641485,0.27203703667423956,1.284201950357907e-10,1.51117594002363e-08,3.37446117829574e-06,0.001052469176844438,0.40297871508360206,1.0551357001450949e-12
51.0,30.9636640625,0.026454366802033415,57.64243787638653,9.72019571688181e-11,831.2597647991445,488.2504284313761,4.71081156036165e-13,4.391905740119735e-10,4.094697208561244e-07,0.00038177041666233785,0.3559546363635103,2.1021317334814931e-10,2.5181318402843894e-08,5.766755319299328e-06,0.0018651355285426762,0.7479064928370023,1.6862915717976128e-12
52.0,30.9015,0.023155797235399664,48.35002073741577,1.1907027430646814e-10,884.2559941060456,485.63023281714635,4.710811560367648e-13,4.643037050419188e-10,4.576346087851363e-07,0.0004510721676413623,0.44461471480588677,3.199172530727202e-10,3.912772165197585e-08,9.143165042453476e-06,0.003037632646866841,1.2610693393258519,2.4626726626060237e-12
53.0,30.8368984375,0.018891173352591113,36.95792692991773,1.1790213329391605e-10,926.9099679397124,482.5196703291222,4.710811560367669e-13,4.844265329219686e-10,4.98160822478319e-07,0.0005122958283395073,0.526843738185854,4.4055307808500555e-10,5.525887036607237e-08,1.3138327511501809e-05,0.004450609217459665,1.8935323450185286,3.190171719249581e-12
54.0,30.7698125,0.014696242440969004,26.531275959841306,9.779124241940789e-11,958.6545693845919,479.4110677281162,4.71081156036001e-13,4.993020507546361e-10,5.292244130488945e-07,0.0005609516441151572,0.5945934961329391,5.494273181120325e-10,7.084795271494512e-08,1.7102350782608354e-05,0.005875224776568313,2.541709580823644,3.685885389282756e-12
55.0,30.7001953125,0.011334797160065831,18.830938459877622,7.40514875854562e-11,981.3356765944513,476.66407763429305,4.710811560360009e-13,5.098783223550574e-10,5.51881581986988e-07,0.0005973569406584448,0.6465925838509083,6.352002054453697e-10,8.413562224524783e-08,2.0574686160045205e-05,0.00714071051975176,3.1244031307095583,3.932437448257555e-12
56.0,30.628,0.008981136891995737,13.84978870247234,5.5846213851307575e-11,997.6760401756263,474.3575904479408,4.710811560360009e-13,5.174899575587482e-10,5.684815933863711e-07,0.0006245098535673012,0.6860736091088053,6.996454378290138e-10,9.491754150602288e-08,2.346498641002076e-05,0.00820667949610927,3.619608824745945,4.032279123604132e-12
57.0,30.5531796875,0.007457339786332885,10.835690715941006,4.4315636080878873e-11,1010.018779884833,472.4042964630275,4.710811560360009e-13,5.232501957717476e-10,5.812074495187679e-07,0.000645596497698513,0.7171326580877363,7.493143723368781e-10,1.037755527451526e-07,2.589330735849087e-05,0.009111324598382552,4.042764356408367,4.089784144141693e-12
58.0,30.4756875,0.006509738842732037,9.056277415920919,3.770428850036504e-11,1019.9647639507639,470.68213499606884,4.710811560360009e-13,5.279056286672421e-10,5.915954372176444e-07,0.0006629815066977329,0.7429955377031683,7.900796114841961e-10,1.1138144279234441e-07,2.8018920316392124e-05,0.009910129858084168,4.4185135986527335,4.163331882267759e-12
59.0,30.3954765625,0.0059284734050205155,8.004429922942093,3.419895948295409e-11,1028.4951176201953,469.0906112542214,4.710811560360009e-13,5.319096204456162e-10,6.006034208421029e-07,0.0006781811442708436,0.7657935212504273,8.259152503742206e-10,1.1824842281298735e-07,2.9970245591362523e-05,0.010649206875414974,4.767863956486912,4.272504077390184e-12
60.0,30.3125,0.005568221657638642,7.368712470858167,3.254646574597192e-11,1036.1816888170954,467.56024424441415,4.710811560360009e-13,5.355253150837837e-10,6.08796317354291e-07,0.0006921048201209824,0.7868277878130234,8.592556125679356e-10,1.2471482317397332e-07,3.1834738015313156e-05,0.011360575621274446,5.105618220464773,4.4168456666869415e-12
61.0,30.226710937500002,0.00533655045601543,6.966743625047182,3.197112592337607e-11,1043.3494168650482,466.0468033167239,4.710811560360009e-13,5.389019308162206e-10,6.164975968496518e-07,0.00070527872474896,0.8068597204141652,8.91534512976763e-10,1.3098874067633862e-07,3.366729278110567e-05,0.012064672298490177,5.441338888209795,4.589106136822933e-12
62.0,30.1380625,0.005177744929743048,6.69439711347244,3.201016285048771e-11,1050.1799872343079,464.5235163159738,4.710811560360009e-13,5.421227562171677e-10,6.238886624123708e-07,0.0007179996022676792,0.8263215448588583,9.235783235141745e-10,1.3719303803772447e-07,3.550062651244064e-05,0.012773888388151609,5.7809002175667485,4.78163489675081e-12
63.0,30.0465078125,0.005059639836264828,6.493572396823932,3.239344609314119e-11,1056.773971989456,462.9747709843199,4.710811560360009e-13,5.452338337407377e-10,6.310696984639969e-07,0.0007304313828495167,0.8454524640897508,9.558546335934367e-10,1.4339829098193598e-07,3.735345176972188e-05,0.013495459134419928,6.127791479045785,4.988540069097425e-12
64.0,29.951999999999998,0.00496436389833168,6.332654205212691,3.296722443878509e-11,1063.1870852904742,461.3917100809612,4.710811560360009e-13,5.482606559761196e-10,6.380956928041428e-07,0.0007426634109901245,0.8643822306740976,9.886239218311692e-10,1.496444429038381e-07,3.9236104541736035e-05,0.014233492937255003,6.484045708556965,5.205909460783172e-12
65.0,29.8544921875,0.004882320098620374,6.1948737499065745,3.36467491876656e-11,1069.4508492680338,459.76937916511173,4.710811560360009e-13,5.512176562839345e-10,6.449971739299243e-07,0.0007547444112366467,0.8831805684656036,1.0220303475140722e-09,1.5595419392563406e-07,4.115414331492825e-05,0.014990289148311525,6.850848474012132,5.431385778955226e-12
66.0,29.7539375,0.0048084772608384604,6.071497191668571,3.4386838461839985e-11,1075.5840347388214,458.10497722235186,4.710811560360009e-13,5.541134556778845e-10,6.517917933350106e-07,0.0007667016615262339,0.9018853801343181,1.0561549312097233e-09,1.6234090736086088e-07,4.311053132733072e-05,0.015767147984637925,7.228914791563407,5.663650558716603e-12
67.0,29.6502890625,0.004740216086907002,5.95798430870358,3.516409948512943e-11,1081.5987754890075,456.3968449596199,4.710811560360009e-13,5.569536572100576e-10,6.584905426530127e-07,0.0007785513707662714,0.9205181479734796,1.0910454976278233e-09,1.6881304543364267e-07,4.5106884783907264e-05,0.016564839632142857,7.618708702726515,5.902012771963966e-12
68.0,29.5435,0.004676142593188004,5.851909959262234,3.596660717910915e-11,1087.5037226229904,454.64390994474223,4.710811560360009e-13,5.597422804677657e-10,6.651009626229565e-07,0.0007903040678555722,0.9390919848874726,1.126732818053372e-09,1.7537654223176727e-07,4.714414933479451e-05,0.017383861823621113,8.020564430473144,6.146131336518985e-12
69.0,29.4335234375,0.004615467028743473,5.751888680602797,3.678819749535453e-11,1093.305621942923,452.8453975432515,4.710811560360009e-13,5.624824742884645e-10,6.716287409254308e-07,0.0008019672936974004,0.9576156728647288,1.1632389310065127e-09,1.8203601684827711e-07,4.922294768004908e-05,0.018224574143509465,8.43474977090017,6.395846571129942e-12
70.0,29.3203125,0.0045576902345709725,5.657036135704878,3.762541982797488e-11,1099.0100843510768,451.000685785465,4.710811560360009e-13,5.651768697276245e-10,6.780785005613636e-07,0.0008135469267098824,0.9760956503747515,1.2005812912729573e-09,1.887953768633556e-07,5.1343751176843715e-05,0.01908726548575129,8.86149797490078,6.651083522429485e-12
71.0,29.2038203125,0.004502465180836716,5.566731693947389,3.847618168584222e-11,1104.621968265903,449.10924163729544,4.710811560360009e-13,5.678277463046456e-10,6.844541651172901e-07,0.0008250477884325258,0.9945369099317201,1.2387745952992631e-09,1.9565808711657078e-07,5.350695338922502e-05,0.019972183651597076,9.301021632885831,6.911808184985222e-12
72.0,29.084,0.004449518808069838,5.4804854917856565,3.93389141899488e-11,1110.1455768587696,447.1705855055487,4.710811560360009e-13,5.704371275246824e-10,6.907591657749512e-07,0.0008364739830160757,1.0129434972214313,1.277831796370606e-09,2.0262731950091818e-07,5.5712909619956476e-05,0.020879551832248884,9.753520383996129,7.177998053076017e-12
73.0,28.9608046875,0.004398627247158738,5.397895366665115,4.0212351036181684e-11,1115.584767287995,445.18428022026757,4.710811560360009e-13,5.730068269955547e-10,6.969965355459739e-07,0.0008478290429557166,1.031318713418905,1.3177644324506815e-09,2.0970600650452208e-07,5.796194783849042e-05,0.021809573684764775,10.219183138208633,7.449635145674445e-12
74.0,28.8341875,0.004349596615122738,5.318613931337869,4.1095326425618956e-11,1120.9430219369965,443.14992273142514,4.710811560360009e-13,5.755384846297815e-10,7.031689827093646e-07,0.0008591160418867353,1.0496652708316785,1.3585828734911245e-09,2.1689688172884375e-07,6.025437659692922e-05,0.022762437154479426,10.698189736853337,7.726698526373702e-12
75.0,28.7041015625,0.004302263186182845,5.242347632637683,4.198684412481738e-11,1126.2235027189843,441.06714452488444,4.710811560360009e-13,5.780335857515719e-10,7.092789256974281e-07,0.0008703376416682174,1.067985348264587,1.4002963290693877e-09,2.2420248664398234e-07,6.259048308469176e-05,0.023738314230783472,11.19071062862052,8.009168232838411e-12
76.0,28.5705,0.004256476323520504,5.1688282726713055,4.2885847664369115e-11,1131.4290906716387,438.93560448842794,4.710811560360009e-13,5.804934870870355e-10,7.153285463740949e-07,0.0008814961753917499,1.086280707669297,1.4429130567106639e-09,2.3162520271919045e-07,6.497053989074521e-05,0.024737364245143542,11.69690834890577,8.297015377956298e-12
77.0,28.4333359375,0.0042121082690742976,5.0978280743861255,4.379142289234554e-11,1136.5624188451675,436.7549936659396,4.710811560360009e-13,5.829194247372287e-10,7.213198010925753e-07,0.0008925936557397149,1.104552692870717,1.4864402477531694e-09,2.3916724028529466e-07,6.739479842375415e-05,0.02575973160957679,12.21693623978868,8.59021180262515e-12
78.0,28.2925625,0.00416903821913918,5.029133537420125,4.470255441251083e-11,1141.6258996510705,434.5250287541475,4.710811560360009e-13,5.853125348916205e-10,7.272544638529253e-07,0.0009036318434632388,1.1228023277074826,1.530884217249035e-09,2.4683066630213324e-07,6.986349522514772e-05,0.026805548830285485,12.750939822350427,8.888718917462393e-12
79.0,28.1481328125,0.004127143637820036,4.962531327396133,4.561796797455242e-11,1146.6217320834787,432.2454489216431,4.710811560360009e-13,5.876738667480413e-10,7.33134151925866e-07,0.0009146122861397765,1.1410303692475408,1.5762504954154712e-09,2.546174187591441e-07,7.237685439390527e-05,0.02787493797647362,13.299057459116797,9.192479596594993e-12
80.0,28.0,0.004086403064590583,4.897970851235178,4.6538167198859573e-11,1151.5519831727943,429.9160604891147,4.710811560360009e-13,5.900043490948989e-10,7.389602357562566e-07,0.0009255361397605218,1.1592369981737645,1.6225426615783383e-09,2.6252915928682476e-07,7.493503790339823e-05,0.028967989683292943,13.86140939102444,9.50151983593849e-12
